Item busca;Produto;Preços;Link
tv samsung;Smart Tv Crystal UHD 4k Tu8000 Samsung;R$ 928,19;https://www.google.com/url?url=https://vendasdigitalnet.myshopify.com/products/smart-tv-crystal-uhd-4k-tu8000-samsung%3Fcurrency%3DBRL%26variant%3D44901410931004%26utm_medium%3Dcpc%26utm_source%3Dgoogle%26utm_campaign%3DGoogle%2520Shopping&rct=j&q=&esrc=s&sa=U&ved=0ahUKEwiMhKGdnpX-AhVWq5UCHUTGAZwQguUECOsO&usg=AOvVaw3udj2L--ewEQfCFJqGQYuJ
tv samsung;Smart Tv Samsung UHD Processador Crystal 4k 58AU7700 Tela Sem;R$ 2.672,10;https://www.google.com/url?url=https://www.casasbahia.com.br/smart-tv-samsung-uhd-processador-crystal-4k-58au7700-tela-sem-limites-visual-livre-de-cabos-58-quot-1546449241/p/1546449241%3Futm_medium%3DCpc%26utm_source%3Dgoogle_freelisting%26IdSku%3D1546449241%26idLojista%3D209633%26tipoLojista%3D3P&rct=j&q=&esrc=s&sa=U&ved=0ahUKEwiMhKGdnpX-AhVWq5UCHUTGAZwQguUECPwO&usg=AOvVaw0RvlwO-qMgJd6osuYOrHx-
tv samsung;Smart Tv Led 43 Full Hd Samsung;R$ 1.758,24;https://www.google.com/url?url=https://www.magazineluiza.com.br/smart-tv-samsung-43-polegadas-led-tizen-full-hd-wifi/p/jc41f041c4/et/tled/%3F%26seller_id%3Dgazinshop&rct=j&q=&esrc=s&sa=U&ved=0ahUKEwiMhKGdnpX-AhVWq5UCHUTGAZwQguUECI4P&usg=AOvVaw1Z40xHvRvZjg2yZw2e4tlK
tv samsung;Smart Tv Led 50 Samsung LH50BETHVGGXZD 4k UHD;R$ 2.429,90;https://www.google.com/url?url=https://www.americanas.com.br/produto/1882044354%3Fopn%3DYSMESP%26offerId%3D63adb947401db3b86be4f512%26srsltid%3DAfAwrE5s_CirxOfeo0ZtyWLENAzw-d67p8Eq5BjbrU_OTcCGvozQedZav8g&rct=j&q=&esrc=s&sa=U&ved=0ahUKEwiMhKGdnpX-AhVWq5UCHUTGAZwQguUECJ4P&usg=AOvVaw3y3fMwZh3YBRZ0cH-OxgAe
tv samsung;Tv Samsung 32 Led Smart Tizen Hd Hdr 32T4300;R$ 1.199,99;https://www.google.com/url?url=https://www.kabum.com.br/produto/115830/smart-tv-samsung-32-polegadas-led-2-hdmi-1-usb-wi-fi-hdr-un32t4300agxzd%3Fsrsltid%3DAfAwrE4dg60s0PtRHkeZXkwM9J8wEwB__wtViwSkcM0DjjxkW9kaVO20Zic&rct=j&q=&esrc=s&sa=U&ved=0ahUKEwiMhKGdnpX-AhVWq5UCHUTGAZwQguUECK4P&usg=AOvVaw1K3mpPmVHg-2N8TmBM0DAg
tv samsung;Smart Tv Led 55 Samsung 4k LH55BEAHVGGXZD UHD;R$ 3.049,00;https://www.google.com/url?url=https://www.mercadolivre.com.br/smart-tv-samsung-lh55beahvggxzd-led-tizen-4k-55-110v220v/p/MLB18535478%3Fmatt_tool%3D18956390%26utm_source%3Dgoogle_shopping%26utm_medium%3Dorganic&rct=j&q=&esrc=s&sa=U&ved=0ahUKEwiMhKGdnpX-AhVWq5UCHUTGAZwQguUECL8P&usg=AOvVaw3PF_U1GpjJIxe3lzIDuCjv
tv samsung;"Smart Tv Led 32"" Samsung Hd HDMI Usb Wi-Fi LH32BENELGA";R$ 1.129,00;https://www.google.com/url?url=https://www.pontofrio.com.br/smart-tv-led-32-quot-hd-samsung-lh32-2-hdmi-1-usb-wi-fi-14981571/p/14981571%3Futm_medium%3Dcpc%26utm_source%3Dgoogle_freelisting%26IdSku%3D14981571%26idLojista%3D12299%26tipoLojista%3D3P&rct=j&q=&esrc=s&sa=U&ved=0ahUKEwiMhKGdnpX-AhVWq5UCHUTGAZwQguUECNEP&usg=AOvVaw0X0MAZQkqHb1ZpEWxrORe9
tv samsung;Smart Tv Samsung Qled 4k 50q80a Modo Game Processador Ia Som;R$ 4.940,00;https://www.google.com/url?url=https://www.carrefour.com.br/smart-tv-4k-50-samsung-qled-qn50q80aagxzd-preta-6634672/p&rct=j&q=&esrc=s&sa=U&ved=0ahUKEwiMhKGdnpX-AhVWq5UCHUTGAZwQguUECOIP&usg=AOvVaw0gEsYYfim3pJIg8Pk072oQ
tv samsung;Tv 60 Samsung Smart UHD 4k Crystal UN60BU8000GXZD;R$ 3.299,00;https://www.google.com/url?url=https://www.taqi.com.br/smarttv-samasung-60polegadas-un60bu8000/221268%3Fsrsltid%3DAfAwrE6tmAUxKfwNCIY9Nd0pPIb058EqvisZUEqeoj9M-cknezkUJF0oGdc&rct=j&q=&esrc=s&sa=U&ved=0ahUKEwiMhKGdnpX-AhVWq5UCHUTGAZwQguUECPMP&usg=AOvVaw2MLNt6RVgb0Ji_lDuBCzn0
tv samsung;"Samsung Smart Tv 55"" Qled 4k 55Q65B 2022, Modo Game, Som Em Movimento, Tela Sem ...";R$ 3.276,55;https://www.google.com/url?url=https://shop.samsung.com/br/samsung-smart-tv-qled-4k-q65b-2022-1933/p%3Fidsku%3D2713%26srsltid%3DAfAwrE6_snUnmuQ_U1WvLz3cVYL5lYeXlB7cZkJlGD_1vVFs0DX3Q2S9vzE&rct=j&q=&esrc=s&sa=U&ved=0ahUKEwiMhKGdnpX-AhVWq5UCHUTGAZwQguUECIMQ&usg=AOvVaw1Cmt_pzGE-CUIlMyLmMC7x
tv samsung;Smart Tv Samsung Led Hd 32 Lh32betblggxzd;R$ 1.369,00;https://www.google.com/url?url=https://www.fastshop.com.br/web/p/d/3001391759_PRD/smart-tv-samsung-led-32quot-lh32betblggxzd%3Fpartner%3Dparceiro-google%26cm_mmc%3Dxml_google-_-nd-_-VIDEO%253ETV%253ETV_HD-_-3001391760&rct=j&q=&esrc=s&sa=U&ved=0ahUKEwiMhKGdnpX-AhVWq5UCHUTGAZwQguUECJIQ&usg=AOvVaw2VMA56g6QrUOc7uRf38EtW
tv samsung;Smart Tv Samsung 43 Led Full Hd LH43BETMLGGXZD;R$ 1.771,49;https://www.google.com/url?url=https://www.casaevideo.com.br/smart-tv-led-43-samsung-lh43bet-full-hd-603218/p%3Fidsku%3D587753%26srsltid%3DAfAwrE711CZZ_xvVB0voiDQoh4mV5wZaICnO0ELgd82EBDC-4g74aBa7f48&rct=j&q=&esrc=s&sa=U&ved=0ahUKEwiMhKGdnpX-AhVWq5UCHUTGAZwQguUECKMQ&usg=AOvVaw3pqmVM9K2NIH6b9R957b7O
tv samsung;Tv 50 Samsung Smart Gaming Neo Qled 4k;R$ 3.894,05;https://www.google.com/url?url=http://www.nagem.com.br/produto/detalhes/560332/Smart%2BTV%2BSamsung%2B50%2522%2BQN90B%2B4K%2BNeo%2BQLED%2BProcessador%2BIA%2BSom%2Bem%2BMovimento%2BTela%2BSem%2BLimites%2B144Hz%2BAlexa%2BBuilt%2BIn&rct=j&q=&esrc=s&sa=U&ved=0ahUKEwiMhKGdnpX-AhVWq5UCHUTGAZwQguUECLMQ&usg=AOvVaw2mfHfCbqIoX7Ubp4ha4uu-
tv samsung;Smart Tv 43 Polegadas Qled 4k The Frame 43LS03B Samsung;R$ 2.944,05;https://www.google.com/url?url=https://www.fujioka.com.br/samsung-smart-tv-43-qled-4k-the-frame-tela-matte-design-slim-unica-conexao-molduras-customizaveis-modo-arte-67275/p%3Fidsku%3D26643&rct=j&q=&esrc=s&sa=U&ved=0ahUKEwiMhKGdnpX-AhVWq5UCHUTGAZwQguUECMMQ&usg=AOvVaw0EBNlbqGzf7uJgZZDy-duv
tv samsung;"Samsung Smart Tv 50"" Qled 4k 50Q80B 2022 Modo Game Processa";R$ 3.699,99;https://www.google.com/url?url=https://www.submarino.com.br/produto/5396291739%3Fopn%3DXMLGOOGLE%26offerId%3D635fe6a3b1efc389fc9cd4e9&rct=j&q=&esrc=s&sa=U&ved=0ahUKEwiMhKGdnpX-AhVWq5UCHUTGAZwQguUECNUQ&usg=AOvVaw2LKadgurCT3_QgCJJDcXEC
tv samsung;Smart Tv Led 65 Samsung LH65BETHVGGXZD UHD 4k Wifi Hdr;R$ 3.649,00;https://www.google.com/url?url=https://www.buscape.com.br/lead%3Foid%3D1055672795%26sortorder%3D-1%26index%3D%26searchterm%3Dnull%26pagesize%3D-1%26channel%3D%26og%3D19221%26pla%3D2023-04-06T00:34:10.577003&rct=j&q=&esrc=s&sa=U&ved=0ahUKEwiMhKGdnpX-AhVWq5UCHUTGAZwQguUECOUQ&usg=AOvVaw24noYH6C_TPG4nA0BKxLQf
tv samsung;Samsung Smart Tv Qled 8k Q950TS, Tela Infinita, Processador Com Ia;R$ 29.999,00;https://www.google.com/url?url=https://www.loja.vivo.com.br/smart-tv-qled-75-polegadas-8k-75q950t-sem-bordas-processador-com-ia-unica-conexao-samsung-1108959922/p%3Fidsku%3D171082%26utm_source%3Dgoogle_shopping%26utm_medium%3Dorganic%26utm_campaign%3Dfree_shopping_list%26srsltid%3DAfAwrE5C4cZ368D2bf805v_gQTu5gx5UhNP2tSsewTlEwyv42aNKgjIt_IA&rct=j&q=&esrc=s&sa=U&ved=0ahUKEwiMhKGdnpX-AhVWq5UCHUTGAZwQguUECPUQ&usg=AOvVaw3t22EjFPyv4JGKUgdetIPl
tv samsung;Smart Tv 55 Samsung Qled 4k 55Q80A Modo Game Processador Ia;R$ 3.609,05;https://www.google.com/url?url=http://www.sipolatti.com.br//smart-tv-55-qled-4k-55q80a-modo-game-processador-ia-som-em-movimento-tela-sem-limites-visual-livre-de-cabos-alexa-built-in/p%3Fidsku%3D461368%26srsltid%3DAfAwrE6e83JMz9djEaQrqdJoX2Anf_5sRjyzLC694BGe6g_lSZXtZ1msY0w&rct=j&q=&esrc=s&sa=U&ved=0ahUKEwiMhKGdnpX-AhVWq5UCHUTGAZwQguUECIUR&usg=AOvVaw2kJMqfWhNNcXjG9fX9ESmf
tv samsung;"Smart Tv 60"" Crystal UHD Samsung 4k 60Au8000";R$ 4.379,90;https://www.google.com/url?url=https://www.zema.com/smart-tv-led-60-samsung-crystal-4k-hdr-un60au8000gxzd/P12493S1Zema&rct=j&q=&esrc=s&sa=U&ved=0ahUKEwiMhKGdnpX-AhVWq5UCHUTGAZwQguUECJUR&usg=AOvVaw3pPr0mJu86zZBn4n5WGfON
tv samsung;Smart Tv 32 Polegadas The Frame Qled Samsung;R$ 2.787,21;https://www.google.com/url?url=https://www.gazin.com.br/produto/6534/smart-tv-samsung-qled-32-full-hd-wi-fi-tizen-the-frame-qn32ls03bbgxzd%3Fseller_id%3D6%26utm_source%3Dgoogle%26utm_medium%3Dgoogle-dsa%26srsltid%3DAfAwrE5ejcx9Kwvm7dyc2iVVwiUA5UYuVSCAZdbDPFmeAh2L-62OUxbHyh8&rct=j&q=&esrc=s&sa=U&ved=0ahUKEwiMhKGdnpX-AhVWq5UCHUTGAZwQguUECKQR&usg=AOvVaw2sftC2_JY88lsIBcO8vgSx
tv samsung;Smart Tv 55” 4k Neo Qled Samsung QN55QN85BA;R$ 5.049,90;https://www.google.com/url?url=https://www.madeiramadeira.com.br/smart-tv-samsung-55-4k-ultra-hd-neo-qled-qn55qn85bagxzd-wi-fi-integrado-657548537.html%3F&rct=j&q=&esrc=s&sa=U&ved=0ahUKEwiMhKGdnpX-AhVWq5UCHUTGAZwQguUECLUR&usg=AOvVaw0oV-6LiULSBDksbXSw6uA4
tv samsung;"TV Smart Samsung Crystal UHD 4K BU8000 75"" Polegadas(apenas 10 horas de uso)!";R$ 1.200,00;https://www.google.com/url?url=https://rj.olx.com.br/rio-de-janeiro-e-regiao/audio-tv-video-e-fotografia/tv-smart-samsung-crystal-uhd-4k-bu8000-75-polegadas-apenas-10-horas-de-uso-1161115775&rct=j&q=&esrc=s&sa=U&ved=0ahUKEwiMhKGdnpX-AhVWq5UCHUTGAZwQgOUECMMR&usg=AOvVaw3V-s38oUOZ_nWarUxHL_1M
tv samsung;Tv Samsung 65 Polegadas Smart Qled 4k;R$ 5.199,00;https://www.google.com/url?url=https://www.colombo.com.br/produto/TV-Audio-e-Video/Smart-TV-QLED-65-Samsung-4K-UHD-3-HDMI-2-USB-Wi-Fi-QN65Q60BAGXZD-PRETO-BIV%3Fportal%3D8B36E9207C24C76E6719268E49201D94&rct=j&q=&esrc=s&sa=U&ved=0ahUKEwiMhKGdnpX-AhVWq5UCHUTGAZwQguUECNMR&usg=AOvVaw1X9QYMFDczGlfABzE1WV9x
tv samsung;Samsung Smart Tv Neo Qled 8k 85qn900b 2022 Mini Led Process;R$ 87.999,00;https://www.google.com/url?url=https://www.fastshop.com.br/web/p/d/SGQN85QN900BG_PRD/smart-tv-8k-samsung-neo-qled-85-ultrafina-com-conexao-unica-alexa-built-in---qn85qn900bgxzd-sgqn85qn900bgprd/%3Fpartner%3Dparceiro-google%26cm_mmc%3Dcpc_Shopping-_-SGQN85QN900BG_PRD&rct=j&q=&esrc=s&sa=U&ved=0ahUKEwiMhKGdnpX-AhVWq5UCHUTGAZwQguUECOMR&usg=AOvVaw1SiqA-ayY2UV4Wi9Hpftuq
tv samsung;Smart Tv 55 Led 4k Samsung Un55nu7100gxzd Usb HDMI;R$ 2.749,00;https://www.google.com/url?url=https://www.casasbahia.com.br/smart-tv-led-55-uhd-4k-samsung-55nu7100-com-hdr-premium-wi-fi-processador-quad-core-visual-livre-de-cabos-plataforma-smart-tizen-hdmi-e-usb-13400029/p/13400029%3Futm_medium%3DCpc%26utm_source%3Dgoogle_freelisting%26IdSku%3D13400029%26idLojista%3D12299%26tipoLojista%3D3P&rct=j&q=&esrc=s&sa=U&ved=0ahUKEwiMhKGdnpX-AhVWq5UCHUTGAZwQguUECPIR&usg=AOvVaw0UtwLfE44NNCdD4zPfMaUG
tv samsung;Smart Tv Qled 82 Polegadas UHD 8k QN82Q900 Ia Upscaling Samsung;R$ 46.999,99;https://www.google.com/url?url=https://www.shoptime.com.br/produto/134244529%3Fopn%3DGOOGLEXML%26offerId%3D62723e2a87c00289c29bcfc4&rct=j&q=&esrc=s&sa=U&ved=0ahUKEwiMhKGdnpX-AhVWq5UCHUTGAZwQguUECIMS&usg=AOvVaw24VAVJswVYp39pMGu6psKN
tv samsung;Smart Tv 55 Samsung Neo Qled 4k QN55QN83BAGXZD;R$ 4.699,90;https://www.google.com/url?url=https://www.havan.com.br/smart-tv-neo-qled-4k-55-qn83b-samsung-bivolt/p&rct=j&q=&esrc=s&sa=U&ved=0ahUKEwiMhKGdnpX-AhVWq5UCHUTGAZwQguUECJMS&usg=AOvVaw20fMBeYpY1FT5ztvKFQplU
tv samsung;Smart Tv 55 Polegadas Qled 4k The Frame 55LS03B Samsung;R$ 6.289,00;https://www.google.com/url?url=https://www.bemol.com.br/smart-tv-samsung-55-qled-4k-the-frame-2022-tela-matte-design-slim-modo-arte-qn55ls03b-p1111811%3Ftsid%3D16&rct=j&q=&esrc=s&sa=U&ved=0ahUKEwiMhKGdnpX-AhVWq5UCHUTGAZwQguUECKMS&usg=AOvVaw1hSO94dhXXZl__NoXmuIh8
tv samsung;Smart Tv Led Samsung Fhd 40 40T5300 Tizen;R$ 2.099,00;https://www.google.com/url?url=/shopping/product/6855354657295399729%3Fprds%3Doid:11391759850801515458,pid:14573112733228600314%26sts%3D9%26hl%3Dpt%26lsf%3Dseller:278992196,store:394201416262672027,s:h&rct=j&q=&esrc=s&sa=U&ved=0ahUKEwiMhKGdnpX-AhVWq5UCHUTGAZwQ_uQECLIS&usg=AOvVaw0nP4Q49uJ-YumoBBjXjHUm
tv samsung;Smart Tv Samsung 65 Neo Qled 8k Mini Led Processador;R$ 11.999,00;https://www.google.com/url?url=https://www.angeloni.com.br/eletro/smart-tv-samsung-65-neo-qled-8k-processador-com-ia-ultrafina-qn65qn700bgxzd-4877957/p%3Fidsku%3D57924&rct=j&q=&esrc=s&sa=U&ved=0ahUKEwiMhKGdnpX-AhVWq5UCHUTGAZwQguUECMIS&usg=AOvVaw213UmM7fgGey5dCHjARR_A
tv samsung;Smart Tv Samsung 55 8k Neo QLED, Qn55qn700b;R$ 10.179,90;https://www.google.com/url?url=https://www.camicado.com.br/p/smart-tv-samsung-55-neo-qled-8k-mini-led-processador-com-ia-ultrafina-alexa-built-in-qn55qn700bgxzd/-/A-701753549-br.lc%3Fsku%3D755230852&rct=j&q=&esrc=s&sa=U&ved=0ahUKEwiMhKGdnpX-AhVWq5UCHUTGAZwQguUECNMS&usg=AOvVaw0E-KK8UU9j-ckG3QK4GUdR
tv samsung;"Smart Tv Samsung Neo Qled 75"" 8k 75QN900A Ultrafina Mini Led Processador Ia Som ...";R$ 39.999,00;https://www.google.com/url?url=https://www.shopcoopera.com.br/smart-tv-75--neo-qled-8k-samsung-75qn900a-mini-led-painel-120hz-processador-ia-som-em-movimento-pro-tela-infinita-ultrafina-302993/p%3Fidsku%3D316122%26srsltid%3DAfAwrE6EwRBK0lvQuO-yagiCMT-IYYMzQpMcQzl4NIZL9GeTkr-PhltakmY&rct=j&q=&esrc=s&sa=U&ved=0ahUKEwiMhKGdnpX-AhVWq5UCHUTGAZwQguUECOMS&usg=AOvVaw3-dumSyQdrnnABPwRUF0tJ
tv samsung;"Samsung Smart Tv Qled 4k 55""";R$ 4.084,05;https://www.google.com/url?url=https://www.magazineluiza.com.br/smart-tv-4k-qled-55-samsung-q70ta-wi-fi-bluetooth-pontos-quanticos-hdr-alexa-built-in-modo-ambiente/p/225606300/et/tv4k/%3F%26force%3D3%26seller_id%3Dmagazineluiza&rct=j&q=&esrc=s&sa=U&ved=0ahUKEwiMhKGdnpX-AhVWq5UCHUTGAZwQguUECPQS&usg=AOvVaw2_bubs1S5hjHhck2uWFgvw
tv samsung;Samsung Smart Tv Neo Qled 8k 75QN900B 2022 Mini Led Painel;R$ 39.999,99;https://www.google.com/url?url=https://www.kabum.com.br/produto/401951/smart-tv-samsung-75-polegadas-neo-qled-8k-mini-led-4-hdmi-3-usb-bluetooth-tela-infinita-alexa-built-in-dolby-atmos-qn75qn900bgxzd%3Fsrsltid%3DAfAwrE5PXPCX9B7acvlew_VXzs24Oh0ZQV8ETTo6HJ3za7TkFdeVjz6Gk_A&rct=j&q=&esrc=s&sa=U&ved=0ahUKEwiMhKGdnpX-AhVWq5UCHUTGAZwQguUECIIT&usg=AOvVaw24ey4fivB4TONF4VT94lZH
tv samsung;Smart Tv Samsung Neo Qled 4k 75 Polegadas Com Mini Led, Painel 120hz,;R$ 11.299,00;https://www.google.com/url?url=https://www.clubeextra.com.br/produto/1503732%3FstoreId%3D241%26isGoogleShopping%3Dtrue&rct=j&q=&esrc=s&sa=U&ved=0ahUKEwiMhKGdnpX-AhVWq5UCHUTGAZwQguUECJIT&usg=AOvVaw2IG7W6-CrZpooXcaok_F-b
tv samsung;Smart Tv Samsung Qled 4k 50Q60A Design Slim Modo Game Som Em;R$ 3.299,99;https://www.google.com/url?url=https://www.americanas.com.br/produto/3060875095%3Fopn%3DYSMESP%26offerId%3D609319bb52131c3c815356a4&rct=j&q=&esrc=s&sa=U&ved=0ahUKEwiMhKGdnpX-AhVWq5UCHUTGAZwQguUECKIT&usg=AOvVaw1zYfHA9jNNSUM8_brliJRJ
tv samsung;Smart Tv 50” 4k Qled Samsung The Frame 50LS03A;R$ 4.998,95;https://www.google.com/url?url=http://www.gimba.com.br/ultra-hd-4k/smart-tv-samsung-50-polegadas-qled-uhd-4k-the-frame-50ls03a-preto-bivo/%3FPID%3D133830%26utm_source%3Dgoogleshopping%26utm_medium%3Dgoogleshopping%26utm_campaign%3Dgoogleshopping%26srsltid%3DAfAwrE6p2acp56RESpHzxbkmV58JrWiP1icSz0a5eBug21w0Cd16yzS727U&rct=j&q=&esrc=s&sa=U&ved=0ahUKEwiMhKGdnpX-AhVWq5UCHUTGAZwQguUECLMT&usg=AOvVaw3W4NaD3TPZpMSC4psUGhPn
tv samsung;Smart TV 50 Crystal UHD 4K Samsung 50BU8000 + Controle Sem Fio Xbox Series ...;R$ 3.229,00;https://www.google.com/url?url=https://www.casasbahia.com.br/smart-tv-50-crystal-uhd-4k-samsung-50bu8000-controle-sem-fio-xbox-series-pulse-red-1001335574/p/1001335574%3Futm_medium%3DCpc%26utm_source%3Dgoogle_freelisting%26IdSku%3D1001335574%26idLojista%3D10037%26tipoLojista%3D1P&rct=j&q=&esrc=s&sa=U&ved=0ahUKEwiMhKGdnpX-AhVWq5UCHUTGAZwQgOUECMQT&usg=AOvVaw2TstYjLc3zRZQdGZInEXFH
tv samsung;Smart Tv 65 Neo Qled 4k 65QN85A Processador Ia Samsung;R$ 12.999,90;https://www.google.com/url?url=https://www.pontofrio.com.br/smart-tv-samsung-neo-qled-65-polegadas-4k-wifi-tizen-1518147032/p/1518147032%3Futm_medium%3Dcpc%26utm_source%3Dgoogle_freelisting%26IdSku%3D1518147032%26idLojista%3D35208%26tipoLojista%3D3P&rct=j&q=&esrc=s&sa=U&ved=0ahUKEwiMhKGdnpX-AhVWq5UCHUTGAZwQguUECNMT&usg=AOvVaw14UUrAi4Dz14aUxDFT65el
tv samsung;"Tv Samsung Smart Qled 4k Q60t 55""";R$ 3.799,05;https://www.google.com/url?url=https://www.magazineluiza.com.br/smart-tv-4k-qled-55-samsung-q60ta-wi-fi-bluetooth-pontos-quanticos-alexa-built-in-modo-ambiente/p/225606200/et/tv4k/%3F%26force%3D3%26seller_id%3Dmagazineluiza&rct=j&q=&esrc=s&sa=U&ved=0ahUKEwiMhKGdnpX-AhVWq5UCHUTGAZwQguUECOUT&usg=AOvVaw2qD3XW_Uau65fi2StS00H7
tv samsung;Samsung Smart Tv Qled 4k Q95T, Única Conexão E Suporte No-Gap, Pontos;R$ 8.999,00;https://www.google.com/url?url=https://www.carrefour.com.br/smart-tv-55--qled-4k-q95t---samsung-mp908115561/p&rct=j&q=&esrc=s&sa=U&ved=0ahUKEwiMhKGdnpX-AhVWq5UCHUTGAZwQguUECPcT&usg=AOvVaw3KQ9m23RtDT41zpGlFZOEP
tv samsung;"Smart Tv Led 65"" Samsung Crystal UHD 4k";R$ 5.321,28;https://www.google.com/url?url=https://www.casaevideo.com.br/tv-65p-samsung-led-smart-4k-wifi-usb-hdmi---un65tu7000gxzd-454928/p%3Fidsku%3D448669%26srsltid%3DAfAwrE6HpGaWB7y7isYb5kiwHoyQ59pYIjTRHKEl4IhtVi7BFvxIeSyz6Rk&rct=j&q=&esrc=s&sa=U&ved=0ahUKEwiMhKGdnpX-AhVWq5UCHUTGAZwQguUECIYU&usg=AOvVaw14G82dUZU1dv8X1NEVNZm6
tv samsung;"Smart Tv Qled 55"" 4k UHD Samsung Q90T - Alexa Built In, Processador Com IA, Tela ...";R$ 3.999,90;https://www.google.com/url?url=https://www.amazon.com.br/Smart-QLED-UHD-Samsung-Q90T/dp/B0BTF68G5R%3Fsource%3Dps-sl-shoppingads-lpcontext%26ref_%3Dfplfs%26psc%3D1%26smid%3DA1ZZFT5FULY4LN&rct=j&q=&esrc=s&sa=U&ved=0ahUKEwiMhKGdnpX-AhVWq5UCHUTGAZwQguUECJYU&usg=AOvVaw1SUOHafRMRhrzQh49VXQGu
tv samsung;Smart tv Samsung 50 Qled 4k;R$ 1.600,00;https://www.google.com/url?url=https://sp.olx.com.br/regiao-de-ribeirao-preto/audio-tv-video-e-fotografia/smart-tv-samsung-50-qled-4k-1084669249&rct=j&q=&esrc=s&sa=U&ved=0ahUKEwiMhKGdnpX-AhVWq5UCHUTGAZwQgOUECKQU&usg=AOvVaw1nKZmJf9eRbuDzdJsvQfUu
tv samsung;Samsung Smart Tv Qled 8k Q800t 82, Processador Com Ia;R$ 47.989,00;https://www.google.com/url?url=https://www.submarino.com.br/produto/1632304715%3Fopn%3DXMLGOOGLE%26offerId%3D5fac03e0c5c9bbe5fcda70bc&rct=j&q=&esrc=s&sa=U&ved=0ahUKEwiMhKGdnpX-AhVWq5UCHUTGAZwQguUECLUU&usg=AOvVaw1cLRB2Ijy_Vq6N_NoxWhiH
tv samsung;Smart Tv Samsung 65 Qled 4k Qn65q80bagxzd 2022;R$ 7.749,90;https://www.google.com/url?url=https://www.lojadomecanico.com.br/produto/423356/49/623/Smart-Tv-65-4k-Bluetooth-Wifi-Qled-65q80b5q80b-Samsung-Preto-Biv/153/%3Futm_source%3Dgoogleshopping%26utm_campaign%3Dxmlshopping%26utm_medium%3Dcpc%26utm_content%3D423356%26srsltid%3DAfAwrE5YQx6lNAIcnWvbLfXKQLoav6lIVO4Ox7iIDLgrKnVQW-qtRkFql20&rct=j&q=&esrc=s&sa=U&ved=0ahUKEwiMhKGdnpX-AhVWq5UCHUTGAZwQguUECMUU&usg=AOvVaw2EXCI3Z4NwSVDlp3RlSqzK
tv samsung;Smart Tv 4k Samsung Qled 55 Polegadas, Processador Com Ia;R$ 5.080,00;https://www.google.com/url?url=https://www.baianao.com.br/smart-tv-55-polegadas-qled-4k-q80b-samsung-8500/p%3Fidsku%3D8733&rct=j&q=&esrc=s&sa=U&ved=0ahUKEwiMhKGdnpX-AhVWq5UCHUTGAZwQguUECNUU&usg=AOvVaw0FtIDzbCeJ3I9IoQO9-VLm
tv samsung;Smart Tv Led 55 Samsung LH55BETHVGGXZD Ultra Hd 4k;R$ 2.849,00;https://www.google.com/url?url=https://www.mercadolivre.com.br/smart-tv-samsung-series-business-lh55bethvggxzd-led-4k-55-100v240v/p/MLB15912271%3Fmatt_tool%3D18956390%26utm_source%3Dgoogle_shopping%26utm_medium%3Dorganic&rct=j&q=&esrc=s&sa=U&ved=0ahUKEwiMhKGdnpX-AhVWq5UCHUTGAZwQguUECOMU&usg=AOvVaw1BzKc2gIe1uU-_li3zat01
tv samsung;"Samsung Smart Tv Qled 4k The Sero 2022 43"", Tela Matte, Tv Vertical, Som De 60w ...";R$ 7.124,05;https://www.google.com/url?url=https://shop.samsung.com/br/samsung-smart-tv-qled-4k-the-sero-2022-43--tela-matte-tv-vertical-som-de-60w-rms-e-4-1-canais-modo-retrato-modo-ambiente-2081/p%3Fidsku%3D2966%26srsltid%3DAfAwrE64FgJKAkaItaLGbL_14jmGxswiy5moCIRfvi_cRFV5q6WTcFnCkYg&rct=j&q=&esrc=s&sa=U&ved=0ahUKEwiMhKGdnpX-AhVWq5UCHUTGAZwQguUECPMU&usg=AOvVaw1pf3ZlzEAoA_zUqaFejf9I
tv samsung;Tv 42? FULL HD Samsung;R$ 850,00;https://www.google.com/url?url=https://sp.olx.com.br/regiao-de-bauru-e-marilia/audio-tv-video-e-fotografia/tv-42-full-hd-samsung-1153661333&rct=j&q=&esrc=s&sa=U&ved=0ahUKEwiMhKGdnpX-AhVWq5UCHUTGAZwQgOUECIIV&usg=AOvVaw03qsXFt20jk_Nhso2xhZ7r
tv samsung;Smart TV Samsung 65 4K Neo QLED e Soundbar Bluetooth, Subwoofer, Sem Fio;R$ 14.055,64;https://www.google.com/url?url=https://www.casasbahia.com.br/smart-tv-samsung-65-4k-neo-qled-e-soundbar-bluetooth-subwoofer-sem-fio-1555962140/p/1555962140%3Futm_medium%3DCpc%26utm_source%3Dgoogle_freelisting%26IdSku%3D1555962140%26idLojista%3D35823%26tipoLojista%3D3P&rct=j&q=&esrc=s&sa=U&ved=0ahUKEwiMhKGdnpX-AhVWq5UCHUTGAZwQgOUECJEV&usg=AOvVaw1b_qWuHoNpPEmQeC1WkRF8
tv samsung;Smart Tv Led Samsung 32 | Samsung | Usado;R$ 1.065,00;https://www.google.com/url?url=https://www.enjoei.com.br/p/smart-tv-led-samsung-32-82638490%3Fg_campaign%3Dgoogle_shopping&rct=j&q=&esrc=s&sa=U&ved=0ahUKEwiMhKGdnpX-AhVWq5UCHUTGAZwQgOUECJ8V&usg=AOvVaw2_h1-SCfjEV6vC5G51I1ek
tv samsung;Smart Tv Samsung 85 Qled 4k 85Q70A;R$ 14.999,90;https://www.google.com/url?url=https://www.gazin.com.br/produto/4310/smart-tv-samsung-qled-85-4k-wi-fi-tizen-comando-de-voz-qn85q70aagxzd%3Fseller_id%3D6%26utm_source%3Dgoogle%26utm_medium%3Dgoogle-dsa%26srsltid%3DAfAwrE6kRDgPqcXPoazdnXRKLMXse9UvqYay-BMkzz0ZDy78leaQobpNGPY&rct=j&q=&esrc=s&sa=U&ved=0ahUKEwiMhKGdnpX-AhVWq5UCHUTGAZwQguUECLIV&usg=AOvVaw3LpbIB3HhUW5ClLrxJ-8pK
tv samsung;"Smart Tv Samsung 55"" Qn700b 8k Qled + Smart Tv Samsung 32"" Ls03b Fhd Qled The ...";R$ 6.269,05;https://www.google.com/url?url=http://www.nagem.com.br/produto/detalhes/577421/Smart%2BTV%2BSamsung%2B55%2522%2BQN700B%2B8k%2BQLED%2B%252B%2BSmart%2BTV%2BSamsung%2B32%2522%2BLS03B%2BFHD%2BQLED%2BThe%2BFrame%2BTela%2Bcom%2BAcabamento%2BMatte%2BModo%2BArte&rct=j&q=&esrc=s&sa=U&ved=0ahUKEwiMhKGdnpX-AhVWq5UCHUTGAZwQgOUECMEV&usg=AOvVaw2AW6rIgd5aOvmwp-Fq0XIC
tv samsung;Smart TV 50 UHD 4K Samsung 50AU7700 + Controle Sem Fio Xbox Series - Mineral Camo ...;R$ 3.149,00;https://www.google.com/url?url=https://www.casasbahia.com.br/smart-tv-50-uhd-4k-samsung-50au7700-controle-sem-fio-xbox-series-mineral-camo-special-edition-1001335445/p/1001335445%3Futm_medium%3DCpc%26utm_source%3Dgoogle_freelisting%26IdSku%3D1001335445%26idLojista%3D10037%26tipoLojista%3D1P&rct=j&q=&esrc=s&sa=U&ved=0ahUKEwiMhKGdnpX-AhVWq5UCHUTGAZwQgOUECM8V&usg=AOvVaw1QJHSle2dJP0z_9-DbwbuT
tv samsung;"Smart Tv Samsung The Frame QE32LS03TCUXXC 32"" Full Hd Qled Wifi";R$ 2.389,99;https://www.google.com/url?url=https://www.tradeinn.com/techinn/pt/samsung-televisao-qe32ls03tcu-32-hd-qled/139464341/p%3Futm_source%3Dgoogle_products%26utm_medium%3Dmerchant%26id_producte%3D18167215%26country%3Dbr&rct=j&q=&esrc=s&sa=U&ved=0ahUKEwiMhKGdnpX-AhVWq5UCHUTGAZwQguUECOAV&usg=AOvVaw26XEpksUm4xsZX9j2T6ZTm
tv samsung;"Samsung Smart Tv 65"" Neo Qled 8k 65QN700A, Mini Led, Painel 60Hz, Processador Neo ...";R$ 14.114,84;https://www.google.com/url?url=https://www.lojasmm.com/tv-65-samsung-smart-neo-qled-8k-qn65qn700bgxzd/p%3Fidsku%3D9493&rct=j&q=&esrc=s&sa=U&ved=0ahUKEwiMhKGdnpX-AhVWq5UCHUTGAZwQguUECO8V&usg=AOvVaw37PH_qwYDT5-833VpciS_K
tv samsung;Tv Samsung 65 Polegadas Smart Neo Qled 8k;R$ 12.671,85;https://www.google.com/url?url=https://compras.shoppingleblon.com.br/smart-tv-samsung-neo-qled-8k-65-com-mini-led-painel-120hz-dolby-atmos-ultrafina-unica-conexao-e-alexa---qn65qn-5874/p%3Fidsku%3D11447%26srsltid%3DAfAwrE57klss_YZR30-ncLX5B7k6bb9k2kNtxA0fqFcULahNLnTkGcJQcTk&rct=j&q=&esrc=s&sa=U&ved=0ahUKEwiMhKGdnpX-AhVWq5UCHUTGAZwQguUECP8V&usg=AOvVaw0baj1WXkeHvZT4IWewkVog
tv samsung;Tv Samsung;R$ 800,00;https://www.google.com/url?url=https://pb.olx.com.br/paraiba/audio-tv-video-e-fotografia/tv-samsung-1161592275&rct=j&q=&esrc=s&sa=U&ved=0ahUKEwiMhKGdnpX-AhVWq5UCHUTGAZwQgOUECIwW&usg=AOvVaw3jdM76ENGoWcVruApc70vP
tv samsung;"Smart TV 85"" Crystal UHD 4K Samsung 85BU8000, Painel Dynamic Crystal Color ...";R$ 7.599,00;https://www.google.com/url?url=https://www.pontofrio.com.br/smart-tv-85-quot-crystal-uhd-4k-samsung-85bu8000-painel-dynamic-crystal-color-design-slim-tela-sem-limites-alexa-built-in-controle-remoto-unico-1556192800/p/1556192800%3Futm_medium%3Dcpc%26utm_source%3Dgoogle_freelisting%26IdSku%3D1556192800%26idLojista%3D217851%26tipoLojista%3D3P&rct=j&q=&esrc=s&sa=U&ved=0ahUKEwiMhKGdnpX-AhVWq5UCHUTGAZwQgOUECJ0W&usg=AOvVaw2AD-U8wr1kfn9Q5dHu6ucT
